-- MySQL dump 10.13  Distrib 8.0.42, for Win64 (x86_64)
--
-- Host: 127.0.0.1    Database: faculdade
-- ------------------------------------------------------
-- Server version	8.0.42

/*!40101 SET @OLD_CHARACTER_SET_CLIENT=@@CHARACTER_SET_CLIENT */;
/*!40101 SET @OLD_CHARACTER_SET_RESULTS=@@CHARACTER_SET_RESULTS */;
/*!40101 SET @OLD_COLLATION_CONNECTION=@@COLLATION_CONNECTION */;
/*!50503 SET NAMES utf8 */;
/*!40103 SET @OLD_TIME_ZONE=@@TIME_ZONE */;
/*!40103 SET TIME_ZONE='+00:00' */;
/*!40014 SET @OLD_UNIQUE_CHECKS=@@UNIQUE_CHECKS, UNIQUE_CHECKS=0 */;
/*!40014 SET @OLD_FOREIGN_KEY_CHECKS=@@FOREIGN_KEY_CHECKS, FOREIGN_KEY_CHECKS=0 */;
/*!40101 SET @OLD_SQL_MODE=@@SQL_MODE, SQL_MODE='NO_AUTO_VALUE_ON_ZERO' */;
/*!40111 SET @OLD_SQL_NOTES=@@SQL_NOTES, SQL_NOTES=0 */;

--
-- Table structure for table `aluno`
--

DROP TABLE IF EXISTS `aluno`;
/*!40101 SET @saved_cs_client     = @@character_set_client */;
/*!50503 SET character_set_client = utf8mb4 */;
CREATE TABLE `aluno` (
  `nome` varchar(255) NOT NULL,
  `data_nascimento` date DEFAULT NULL,
  `matricula` varchar(10) NOT NULL,
  `endereco` varchar(255) DEFAULT NULL,
  PRIMARY KEY (`matricula`)
) ENGINE=InnoDB DEFAULT CHARSET=utf8mb4 COLLATE=utf8mb4_0900_ai_ci;
/*!40101 SET character_set_client = @saved_cs_client */;

--
-- Dumping data for table `aluno`
--

LOCK TABLES `aluno` WRITE;
/*!40000 ALTER TABLE `aluno` DISABLE KEYS */;
INSERT INTO `aluno` VALUES ('Ana Souza','2000-04-12','A001','Rua das Flores, 123'),('Bruno Lima','1999-11-23','A002','Av. Brasil, 456'),('Carlos Eduardo','2001-06-15','A003','Rua Verde, 789'),('Daniela Castro','2002-01-10','A004','Rua Central, 321'),('Eduarda Gomes','2000-09-08','A005','Av. Sul, 654');
/*!40000 ALTER TABLE `aluno` ENABLE KEYS */;
UNLOCK TABLES;

--
-- Table structure for table `aluno_disciplina`
--

DROP TABLE IF EXISTS `aluno_disciplina`;
/*!40101 SET @saved_cs_client     = @@character_set_client */;
/*!50503 SET character_set_client = utf8mb4 */;
CREATE TABLE `aluno_disciplina` (
  `matricula` varchar(10) NOT NULL,
  `nome` varchar(100) NOT NULL,
  PRIMARY KEY (`matricula`,`nome`),
  KEY `nome` (`nome`),
  CONSTRAINT `aluno_disciplina_ibfk_1` FOREIGN KEY (`matricula`) REFERENCES `aluno` (`matricula`),
  CONSTRAINT `aluno_disciplina_ibfk_2` FOREIGN KEY (`nome`) REFERENCES `disciplina` (`nome`)
) ENGINE=InnoDB DEFAULT CHARSET=utf8mb4 COLLATE=utf8mb4_0900_ai_ci;
/*!40101 SET character_set_client = @saved_cs_client */;

--
-- Dumping data for table `aluno_disciplina`
--

LOCK TABLES `aluno_disciplina` WRITE;
/*!40000 ALTER TABLE `aluno_disciplina` DISABLE KEYS */;
INSERT INTO `aluno_disciplina` VALUES ('A001','Física I'),('A002','Física I'),('A003','Física I'),('A004','Física I'),('A005','Física I'),('A001','Lógica de Programação'),('A002','Lógica de Programação'),('A003','Lógica de Programação'),('A004','Lógica de Programação'),('A005','Lógica de Programação'),('A001','Matemática I'),('A002','Matemática I'),('A003','Matemática I'),('A004','Matemática I'),('A005','Matemática I');
/*!40000 ALTER TABLE `aluno_disciplina` ENABLE KEYS */;
UNLOCK TABLES;

--
-- Table structure for table `avaliacao`
--

DROP TABLE IF EXISTS `avaliacao`;
/*!40101 SET @saved_cs_client     = @@character_set_client */;
/*!50503 SET character_set_client = utf8mb4 */;
CREATE TABLE `avaliacao` (
  `prof_cpf` varchar(11) NOT NULL,
  `data_hora` datetime NOT NULL,
  `comentario` varchar(500) DEFAULT NULL,
  `nota` int DEFAULT NULL,
  PRIMARY KEY (`prof_cpf`,`data_hora`),
  CONSTRAINT `avaliacao_ibfk_1` FOREIGN KEY (`prof_cpf`) REFERENCES `professor` (`cpf`)
) ENGINE=InnoDB DEFAULT CHARSET=utf8mb4 COLLATE=utf8mb4_0900_ai_ci;
/*!40101 SET character_set_client = @saved_cs_client */;

--
-- Dumping data for table `avaliacao`
--

LOCK TABLES `avaliacao` WRITE;
/*!40000 ALTER TABLE `avaliacao` DISABLE KEYS */;
INSERT INTO `avaliacao` VALUES ('10987654321','2025-07-23 10:00:00','Excelente explicação e domínio do conteúdo.',10),('10987654321','2025-07-23 11:00:00','Poderia melhorar o ritmo das aulas, mas é muito atenciosa.',8);
/*!40000 ALTER TABLE `avaliacao` ENABLE KEYS */;
UNLOCK TABLES;

--
-- Table structure for table `departamento`
--

DROP TABLE IF EXISTS `departamento`;
/*!40101 SET @saved_cs_client     = @@character_set_client */;
/*!50503 SET character_set_client = utf8mb4 */;
CREATE TABLE `departamento` (
  `id` int NOT NULL AUTO_INCREMENT,
  `nome` varchar(255) NOT NULL,
  `local` varchar(255) DEFAULT NULL,
  `prof_chefe_cpf` varchar(11) DEFAULT NULL,
  PRIMARY KEY (`id`),
  KEY `prof_chefe_cpf` (`prof_chefe_cpf`),
  CONSTRAINT `departamento_ibfk_1` FOREIGN KEY (`prof_chefe_cpf`) REFERENCES `professor` (`cpf`)
) ENGINE=InnoDB AUTO_INCREMENT=2 DEFAULT CHARSET=utf8mb4 COLLATE=utf8mb4_0900_ai_ci;
/*!40101 SET character_set_client = @saved_cs_client */;

--
-- Dumping data for table `departamento`
--

LOCK TABLES `departamento` WRITE;
/*!40000 ALTER TABLE `departamento` DISABLE KEYS */;
INSERT INTO `departamento` VALUES (1,'Departamento de Ciências Exatas','Bloco A','12345678901');
/*!40000 ALTER TABLE `departamento` ENABLE KEYS */;
UNLOCK TABLES;

--
-- Table structure for table `disciplina`
--

DROP TABLE IF EXISTS `disciplina`;
/*!40101 SET @saved_cs_client     = @@character_set_client */;
/*!50503 SET character_set_client = utf8mb4 */;
CREATE TABLE `disciplina` (
  `nome` varchar(255) NOT NULL,
  `caraga_horaria` int NOT NULL DEFAULT '30',
  `ementa` text,
  `disc_pre_requisito` varchar(100) DEFAULT NULL,
  PRIMARY KEY (`nome`),
  KEY `disc_pre_requisito` (`disc_pre_requisito`),
  CONSTRAINT `disciplina_ibfk_1` FOREIGN KEY (`disc_pre_requisito`) REFERENCES `disciplina` (`nome`)
) ENGINE=InnoDB DEFAULT CHARSET=utf8mb4 COLLATE=utf8mb4_0900_ai_ci;
/*!40101 SET character_set_client = @saved_cs_client */;

--
-- Dumping data for table `disciplina`
--

LOCK TABLES `disciplina` WRITE;
/*!40000 ALTER TABLE `disciplina` DISABLE KEYS */;
INSERT INTO `disciplina` VALUES ('Física I',60,'Fundamentos da mecânica.','Matemática I'),('Lógica de Programação',60,'Algoritmos e estruturas básicas.',NULL),('Matemática I',60,'Introdução à álgebra e aritmética.',NULL);
/*!40000 ALTER TABLE `disciplina` ENABLE KEYS */;
UNLOCK TABLES;

--
-- Table structure for table `professor`
--

DROP TABLE IF EXISTS `professor`;
/*!40101 SET @saved_cs_client     = @@character_set_client */;
/*!50503 SET character_set_client = utf8mb4 */;
CREATE TABLE `professor` (
  `inicio_contrato` date DEFAULT NULL,
  `nome` varchar(255) NOT NULL,
  `cpf` varchar(11) NOT NULL,
  `depto_id` int DEFAULT NULL,
  PRIMARY KEY (`cpf`),
  KEY `depto_id` (`depto_id`),
  CONSTRAINT `professor_ibfk_1` FOREIGN KEY (`depto_id`) REFERENCES `departamento` (`id`)
) ENGINE=InnoDB DEFAULT CHARSET=utf8mb4 COLLATE=utf8mb4_0900_ai_ci;
/*!40101 SET character_set_client = @saved_cs_client */;

--
-- Dumping data for table `professor`
--

LOCK TABLES `professor` WRITE;
/*!40000 ALTER TABLE `professor` DISABLE KEYS */;
INSERT INTO `professor` VALUES ('2018-08-20','Luciana Rocha','10987654321',1),('2015-02-10','Marcos Silva','12345678901',1);
/*!40000 ALTER TABLE `professor` ENABLE KEYS */;
UNLOCK TABLES;

--
-- Table structure for table `professor_contato`
--

DROP TABLE IF EXISTS `professor_contato`;
/*!40101 SET @saved_cs_client     = @@character_set_client */;
/*!50503 SET character_set_client = utf8mb4 */;
CREATE TABLE `professor_contato` (
  `prof_cpf` varchar(11) NOT NULL,
  `contato` varchar(14) NOT NULL,
  PRIMARY KEY (`prof_cpf`,`contato`),
  CONSTRAINT `professor_contato_ibfk_1` FOREIGN KEY (`prof_cpf`) REFERENCES `professor` (`cpf`)
) ENGINE=InnoDB DEFAULT CHARSET=utf8mb4 COLLATE=utf8mb4_0900_ai_ci;
/*!40101 SET character_set_client = @saved_cs_client */;

--
-- Dumping data for table `professor_contato`
--

LOCK TABLES `professor_contato` WRITE;
/*!40000 ALTER TABLE `professor_contato` DISABLE KEYS */;
INSERT INTO `professor_contato` VALUES ('10987654321','21977776666'),('10987654321','21988880002'),('12345678901','11988887777'),('12345678901','11999990001');
/*!40000 ALTER TABLE `professor_contato` ENABLE KEYS */;
UNLOCK TABLES;

--
-- Table structure for table `professor_disciplina`
--

DROP TABLE IF EXISTS `professor_disciplina`;
/*!40101 SET @saved_cs_client     = @@character_set_client */;
/*!50503 SET character_set_client = utf8mb4 */;
CREATE TABLE `professor_disciplina` (
  `cpf` varchar(11) NOT NULL,
  `nome` varchar(100) NOT NULL,
  PRIMARY KEY (`cpf`,`nome`),
  KEY `nome` (`nome`),
  CONSTRAINT `professor_disciplina_ibfk_1` FOREIGN KEY (`cpf`) REFERENCES `professor` (`cpf`),
  CONSTRAINT `professor_disciplina_ibfk_2` FOREIGN KEY (`nome`) REFERENCES `disciplina` (`nome`)
) ENGINE=InnoDB DEFAULT CHARSET=utf8mb4 COLLATE=utf8mb4_0900_ai_ci;
/*!40101 SET character_set_client = @saved_cs_client */;

--
-- Dumping data for table `professor_disciplina`
--

LOCK TABLES `professor_disciplina` WRITE;
/*!40000 ALTER TABLE `professor_disciplina` DISABLE KEYS */;
/*!40000 ALTER TABLE `professor_disciplina` ENABLE KEYS */;
UNLOCK TABLES;
/*!40103 SET TIME_ZONE=@OLD_TIME_ZONE */;

/*!40101 SET SQL_MODE=@OLD_SQL_MODE */;
/*!40014 SET FOREIGN_KEY_CHECKS=@OLD_FOREIGN_KEY_CHECKS */;
/*!40014 SET UNIQUE_CHECKS=@OLD_UNIQUE_CHECKS */;
/*!40101 SET CHARACTER_SET_CLIENT=@OLD_CHARACTER_SET_CLIENT */;
/*!40101 SET CHARACTER_SET_RESULTS=@OLD_CHARACTER_SET_RESULTS */;
/*!40101 SET COLLATION_CONNECTION=@OLD_COLLATION_CONNECTION */;
/*!40111 SET SQL_NOTES=@OLD_SQL_NOTES */;

-- Dump completed on 2025-07-23 12:14:08
